player,player_id,pfr_url
Saquon Barkley,BarkSa00,https://www.pro-football-reference.com/players/B/BarkSa00.htm
Derrick Henry,HenrDe00,https://www.pro-football-reference.com/players/H/HenrDe00.htm
Kyren Williams,WillKy02,https://www.pro-football-reference.com/players/W/WillKy02.htm
Bijan Robinson,RobiBi01,https://www.pro-football-reference.com/players/R/RobiBi01.htm
Jonathan Taylor,TaylJo02,https://www.pro-football-reference.com/players/T/TaylJo02.htm
Josh Jacobs,JacoJo01,https://www.pro-football-reference.com/players/J/JacoJo01.htm
Najee Harris,HarrNa00,https://www.pro-football-reference.com/players/H/HarrNa00.htm
Tony Pollard,PollTo00,https://www.pro-football-reference.com/players/P/PollTo00.htm
Aaron Jones,JoneAa00,https://www.pro-football-reference.com/players/J/JoneAa00.htm
D'Andre Swift,SwifDA00,https://www.pro-football-reference.com/players/S/SwifDA00.htm
Jahmyr Gibbs,GibbJa01,https://www.pro-football-reference.com/players/G/GibbJa01.htm
Chuba Hubbard,HubbCh01,https://www.pro-football-reference.com/players/H/HubbCh01.htm
Joe Mixon,MixoJo00,https://www.pro-football-reference.com/players/M/MixoJo00.htm
James Conner,ConnJa00,https://www.pro-football-reference.com/players/C/ConnJa00.htm
Rico Dowdle,DowdRi01,https://www.pro-football-reference.com/players/D/DowdRi01.htm
Chase Brown,BrowCh10,https://www.pro-football-reference.com/players/B/BrowCh10.htm
Alvin Kamara,KamaAl00,https://www.pro-football-reference.com/players/K/KamaAl00.htm
Breece Hall,HallBr03,https://www.pro-football-reference.com/players/H/HallBr03.htm
James Cook,CookJa01,https://www.pro-football-reference.com/players/C/CookJa01.htm
Bucky Irving,IrviBu00,https://www.pro-football-reference.com/players/I/IrviBu00.htm
Rhamondre Stevenson,StevRh00,https://www.pro-football-reference.com/players/S/StevRh00.htm
De'Von Achane,AchaDe00,https://www.pro-football-reference.com/players/A/AchaDe00.htm
Kareem Hunt,HuntKa00,https://www.pro-football-reference.com/players/H/HuntKa00.htm
J.K. Dobbins,DobbJK00,https://www.pro-football-reference.com/players/D/DobbJK00.htm
Tyrone Tracy Jr.,TracTy00,https://www.pro-football-reference.com/players/T/TracTy00.htm
Brian Robinson Jr.,RobiBr01,https://www.pro-football-reference.com/players/R/RobiBr01.htm
David Montgomery,MontDa01,https://www.pro-football-reference.com/players/M/MontDa01.htm
Tank Bigsby,BigsTa00,https://www.pro-football-reference.com/players/B/BigsTa00.htm
Jordan Mason,MasoJo00,https://www.pro-football-reference.com/players/M/MasoJo00.htm
Kenneth Walker III,WalkKe00,https://www.pro-football-reference.com/players/W/WalkKe00.htm
Travis Etienne,EtieTr00,https://www.pro-football-reference.com/players/E/EtieTr00.htm
Rachaad White,WhitRa01,https://www.pro-football-reference.com/players/W/WhitRa01.htm
Javonte Williams,WillJa10,https://www.pro-football-reference.com/players/W/WillJa10.htm
Tyler Allgeier,AllgTy00,https://www.pro-football-reference.com/players/A/AllgTy00.htm
Zach Charbonnet,CharZa00,https://www.pro-football-reference.com/players/C/CharZa00.htm
Alexander Mattison,MattAl01,https://www.pro-football-reference.com/players/M/MattAl01.htm
Antonio Gibson,GibsAn00,https://www.pro-football-reference.com/players/G/GibsAn00.htm
Jaylen Warren,WarrJa01,https://www.pro-football-reference.com/players/W/WarrJa01.htm
Ray Davis,DaviRa04,https://www.pro-football-reference.com/players/D/DaviRa04.htm
Jaleel McLaughlin,McLaJa00,https://www.pro-football-reference.com/players/M/McLaJa00.htm
Devin Singletary,SingDe00,https://www.pro-football-reference.com/players/S/SingDe00.htm
Jerome Ford,FordJe00,https://www.pro-football-reference.com/players/F/FordJe00.htm
Cam Akers,AkerCa00,https://www.pro-football-reference.com/players/A/AkerCa00.htm
Cam Akers,AkerCa00,https://www.pro-football-reference.com/players/A/AkerCa00.htm
Cam Akers,AkerCa00,https://www.pro-football-reference.com/players/A/AkerCa00.htm
Emanuel Wilson,WilsEm00,https://www.pro-football-reference.com/players/W/WilsEm00.htm
Nick Chubb,ChubNi00,https://www.pro-football-reference.com/players/C/ChubNi00.htm
Gus Edwards,EdwaGu00,https://www.pro-football-reference.com/players/E/EdwaGu00.htm
Braelon Allen,AlleBr05,https://www.pro-football-reference.com/players/A/AlleBr05.htm
Raheem Mostert,MostRa00,https://www.pro-football-reference.com/players/M/MostRa00.htm
Isaac Guerendo,GuerIs00,https://www.pro-football-reference.com/players/G/GuerIs00.htm
Tyjae Spears,SpeaTy00,https://www.pro-football-reference.com/players/S/SpeaTy00.htm
Isiah Pacheco,PachIs00,https://www.pro-football-reference.com/players/P/PachIs00.htm
Austin Ekeler,EkelAu00,https://www.pro-football-reference.com/players/E/EkelAu00.htm
Audric Estime,EstiAu00,https://www.pro-football-reference.com/players/E/EstiAu00.htm
Kenneth Gainwell,GainKe00,https://www.pro-football-reference.com/players/G/GainKe00.htm
Ezekiel Elliott,ElliEz00,https://www.pro-football-reference.com/players/E/ElliEz00.htm
Zack Moss,MossZa00,https://www.pro-football-reference.com/players/M/MossZa00.htm
D'Onta Foreman,ForeDO00,https://www.pro-football-reference.com/players/F/ForeDO00.htm
Jaylen Wright,WrigJa04,https://www.pro-football-reference.com/players/W/WrigJa04.htm
Ameer Abdullah,AbduAm00,https://www.pro-football-reference.com/players/A/AbduAm00.htm
Zamir White,WhitZa01,https://www.pro-football-reference.com/players/W/WhitZa01.htm
Trey Benson,BensTr01,https://www.pro-football-reference.com/players/B/BensTr01.htm
Blake Corum,CoruBl00,https://www.pro-football-reference.com/players/C/CoruBl00.htm
Ty Chandler,ChanTy01,https://www.pro-football-reference.com/players/C/ChanTy01.htm
Trey Sermon,SermTr00,https://www.pro-football-reference.com/players/S/SermTr00.htm
Carson Steele,SteeCa00,https://www.pro-football-reference.com/players/S/SteeCa00.htm
Roschon Johnson,JohnRo07,https://www.pro-football-reference.com/players/J/JohnRo07.htm
Jeremy McNichols,McNiJe00,https://www.pro-football-reference.com/players/M/McNiJe00.htm
Miles Sanders,SandMi01,https://www.pro-football-reference.com/players/S/SandMi01.htm
Christian McCaffrey,McCaCh01,https://www.pro-football-reference.com/players/M/McCaCh01.htm
Sean Tucker,TuckSe00,https://www.pro-football-reference.com/players/T/TuckSe00.htm
Jamaal Williams,WillJa06,https://www.pro-football-reference.com/players/W/WillJa06.htm
Justice Hill,HillJu00,https://www.pro-football-reference.com/players/H/HillJu00.htm
Kimani Vidal,VidaKi00,https://www.pro-football-reference.com/players/V/VidaKi00.htm
Ty Johnson,JohnTy02,https://www.pro-football-reference.com/players/J/JohnTy02.htm
Dameon Pierce,PierDa01,https://www.pro-football-reference.com/players/P/PierDa01.htm
Sincere McCormick,McCoSi00,https://www.pro-football-reference.com/players/M/McCoSi00.htm
Kendre Miller,MillKe01,https://www.pro-football-reference.com/players/M/MillKe01.htm
Patrick Taylor,TaylPa01,https://www.pro-football-reference.com/players/T/TaylPa01.htm
Chris Brooks,BrooCh00,https://www.pro-football-reference.com/players/B/BrooCh00.htm
Khalil Herbert,HerbKh00,https://www.pro-football-reference.com/players/H/HerbKh00.htm
Khalil Herbert,HerbKh00,https://www.pro-football-reference.com/players/H/HerbKh00.htm
Khalil Herbert,HerbKh00,https://www.pro-football-reference.com/players/H/HerbKh00.htm
Michael Carter,CartMi03,https://www.pro-football-reference.com/players/C/CartMi03.htm
Chris Rodriguez,RodrCh00,https://www.pro-football-reference.com/players/R/RodrCh00.htm
Hassan Haskins,HaskHa00,https://www.pro-football-reference.com/players/H/HaskHa00.htm
Tyler Goodson,GoodTy00,https://www.pro-football-reference.com/players/G/GoodTy00.htm
D'Ernest Johnson,JohnDE04,https://www.pro-football-reference.com/players/J/JohnDE04.htm
Cordarrelle Patterson,PattCo00,https://www.pro-football-reference.com/players/P/PattCo00.htm
Kenny McIntosh,McInKe00,https://www.pro-football-reference.com/players/M/McInKe00.htm
Craig Reynolds,ReynCr00,https://www.pro-football-reference.com/players/R/ReynCr00.htm
Isaiah Davis,DaviIs00,https://www.pro-football-reference.com/players/D/DaviIs00.htm
Dare Ogunbowale,OgunDa00,https://www.pro-football-reference.com/players/O/OgunDa00.htm
Will Shipley,ShipWi00,https://www.pro-football-reference.com/players/S/ShipWi00.htm
Pierre Strong,StroPi00,https://www.pro-football-reference.com/players/S/StroPi00.htm
Emari Demercado,DemeEm00,https://www.pro-football-reference.com/players/D/DemeEm00.htm
Julius Chestnut,ChesJu00,https://www.pro-football-reference.com/players/C/ChesJu00.htm
Ronnie Rivers,RiveRo01,https://www.pro-football-reference.com/players/R/RiveRo01.htm
Jamycal Hasty,HastJa02,https://www.pro-football-reference.com/players/H/HastJa02.htm
Jordan Mims,MimsJo00,https://www.pro-football-reference.com/players/M/MimsJo00.htm
Samaje Perine,PeriSa00,https://www.pro-football-reference.com/players/P/PeriSa00.htm
Deuce Vaughn,VaugDe00,https://www.pro-football-reference.com/players/V/VaugDe00.htm
Jeff Wilson,WilsJe01,https://www.pro-football-reference.com/players/W/WilsJe01.htm
Raheem Blackshear,BlacRa00,https://www.pro-football-reference.com/players/B/BlacRa00.htm
Keaton Mitchell,MitcKe01,https://www.pro-football-reference.com/players/M/MitcKe01.htm
Eric Gray,GrayEr01,https://www.pro-football-reference.com/players/G/GrayEr01.htm
Mike Boone,BoonMi00,https://www.pro-football-reference.com/players/B/BoonMi00.htm
Clyde Edwards-Helaire,EdwaCl00,https://www.pro-football-reference.com/players/E/EdwaCl00.htm
Terrell Jennings,JennTe00,https://www.pro-football-reference.com/players/J/JennTe00.htm
Jase McClellan,McClJa05,https://www.pro-football-reference.com/players/M/McClJa05.htm
Hunter Luepke,LuepHu00,https://www.pro-football-reference.com/players/L/LuepHu00.htm
Tyler Badie,BadiTy00,https://www.pro-football-reference.com/players/B/BadiTy00.htm
Rasheen Ali,AlixRa00,https://www.pro-football-reference.com/players/A/AlixRa00.htm
Alec Ingold,IngoAl01,https://www.pro-football-reference.com/players/I/IngoAl01.htm
J.J. Taylor,TaylJJ01,https://www.pro-football-reference.com/players/T/TaylJJ01.htm
Jonathon Brooks,BrooJo02,https://www.pro-football-reference.com/players/B/BrooJo02.htm
DeeJay Dallas,DallDe00,https://www.pro-football-reference.com/players/D/DallDe00.htm
Dalvin Cook,CookDa01,https://www.pro-football-reference.com/players/C/CookDa01.htm
Michael Burton,BurtMi00,https://www.pro-football-reference.com/players/B/BurtMi00.htm
Travis Homer,HomeTr00,https://www.pro-football-reference.com/players/H/HomeTr00.htm
Jermar Jefferson,JeffJe00,https://www.pro-football-reference.com/players/J/JeffJe00.htm
MarShawn Lloyd,LloyMa00,https://www.pro-football-reference.com/players/L/LloyMa00.htm
Aaron Shampklin,ShamAa00,https://www.pro-football-reference.com/players/S/ShamAa00.htm
Sione Vaki,VakiSi00,https://www.pro-football-reference.com/players/V/VakiSi00.htm
Chris Collier,CollCh01,https://www.pro-football-reference.com/players/C/CollCh01.htm
Kyle Juszczyk,JuszKy00,https://www.pro-football-reference.com/players/J/JuszKy00.htm
Jacob Kibodi,KiboJa00,https://www.pro-football-reference.com/players/K/KiboJa00.htm
Jonathan Ward,WardJo00,https://www.pro-football-reference.com/players/W/WardJo00.htm
Tony Jones,JoneTo04,https://www.pro-football-reference.com/players/J/JoneTo04.htm
Blake Watson,WatsBl00,https://www.pro-football-reference.com/players/W/WatsBl00.htm
Tyrion Davis-Price,DaviTy03,https://www.pro-football-reference.com/players/D/DaviTy03.htm
Darrynton Evans,EvanDa02,https://www.pro-football-reference.com/players/E/EvanDa02.htm
Myles Gaskin,GaskMy00,https://www.pro-football-reference.com/players/G/GaskMy00.htm
Reggie Gilliam,GillRe00,https://www.pro-football-reference.com/players/G/GillRe00.htm
George Holani,HolaGe00,https://www.pro-football-reference.com/players/H/HolaGe00.htm
C.J. Ham,,https://www.pro-football-reference.com/players/H/HamxC.00.htm
Ke'Shawn Vaughn,VaugKe00,https://www.pro-football-reference.com/players/V/VaugKe00.htm
British Brooks,BrooBr01,https://www.pro-football-reference.com/players/B/BrooBr01.htm
Joshua Kelley,KellJo01,https://www.pro-football-reference.com/players/K/KellJo01.htm
Dylan Laube,LaubDy00,https://www.pro-football-reference.com/players/L/LaubDy00.htm
Cody Schrader,SchrCo00,https://www.pro-football-reference.com/players/S/SchrCo00.htm
Andrew Beck,BeckAn01,https://www.pro-football-reference.com/players/B/BeckAn01.htm
Andrew Beck,BeckAn01,https://www.pro-football-reference.com/players/B/BeckAn01.htm
Andrew Beck,BeckAn01,https://www.pro-football-reference.com/players/B/BeckAn01.htm
Adam Prentice,PrenAd00,https://www.pro-football-reference.com/players/P/PrenAd00.htm
Patrick Ricard,RicaPa00,https://www.pro-football-reference.com/players/R/RicaPa00.htm
