player,player_id,pfr_url
Jonathan Taylor,T,https://www.pro-football-reference.com/players/T/TaylJo02.htm
Najee Harris,H,https://www.pro-football-reference.com/players/H/HarrNa00.htm
Joe Mixon,M,https://www.pro-football-reference.com/players/M/MixoJo00.htm
Antonio Gibson,G,https://www.pro-football-reference.com/players/G/GibsAn00.htm
Dalvin Cook,C,https://www.pro-football-reference.com/players/C/CookDa01.htm
Alvin Kamara,K,https://www.pro-football-reference.com/players/K/KamaAl00.htm
Ezekiel Elliott,E,https://www.pro-football-reference.com/players/E/ElliEz00.htm
Nick Chubb,C,https://www.pro-football-reference.com/players/C/ChubNi00.htm
David Montgomery,M,https://www.pro-football-reference.com/players/M/MontDa01.htm
Derrick Henry,H,https://www.pro-football-reference.com/players/H/HenrDe00.htm
Josh Jacobs,J,https://www.pro-football-reference.com/players/J/JacoJo01.htm
Sony Michel,M,https://www.pro-football-reference.com/players/M/MichSo00.htm
Elijah Mitchell,M,https://www.pro-football-reference.com/players/M/MitcEl00.htm
Austin Ekeler,E,https://www.pro-football-reference.com/players/E/EkelAu00.htm
Melvin Gordon,G,https://www.pro-football-reference.com/players/G/GordMe00.htm
Javonte Williams,W,https://www.pro-football-reference.com/players/W/WillJa10.htm
James Conner,C,https://www.pro-football-reference.com/players/C/ConnJa00.htm
Damien Harris,H,https://www.pro-football-reference.com/players/H/HarrDa06.htm
Devin Singletary,S,https://www.pro-football-reference.com/players/S/SingDe00.htm
AJ Dillon,D,https://www.pro-football-reference.com/players/D/DillAJ00.htm
Leonard Fournette,F,https://www.pro-football-reference.com/players/F/FourLe00.htm
Myles Gaskin,G,https://www.pro-football-reference.com/players/G/GaskMy00.htm
Chuba Hubbard,H,https://www.pro-football-reference.com/players/H/HubbCh01.htm
Aaron Jones,J,https://www.pro-football-reference.com/players/J/JoneAa00.htm
James Robinson,R,https://www.pro-football-reference.com/players/R/RobiJa00.htm
Saquon Barkley,B,https://www.pro-football-reference.com/players/B/BarkSa00.htm
Mark Ingram,I,https://www.pro-football-reference.com/players/I/IngrMa01.htm
Mark Ingram,I,https://www.pro-football-reference.com/players/I/IngrMa01.htm
Mark Ingram,I,https://www.pro-football-reference.com/players/I/IngrMa01.htm
Cordarrelle Patterson,P,https://www.pro-football-reference.com/players/P/PattCo00.htm
Jamaal Williams,W,https://www.pro-football-reference.com/players/W/WillJa06.htm
D'Andre Swift,S,https://www.pro-football-reference.com/players/S/SwifDA00.htm
Darrell Henderson,H,https://www.pro-football-reference.com/players/H/HendDa00.htm
Michael Carter,C,https://www.pro-football-reference.com/players/C/CartMi03.htm
Devontae Booker,B,https://www.pro-football-reference.com/players/B/BookDe00.htm
Darrel Williams,W,https://www.pro-football-reference.com/players/W/WillDa10.htm
Mike Davis,D,https://www.pro-football-reference.com/players/D/DaviMi01.htm
Miles Sanders,S,https://www.pro-football-reference.com/players/S/SandMi01.htm
Alexander Mattison,M,https://www.pro-football-reference.com/players/M/MattAl01.htm
D'Onta Foreman,F,https://www.pro-football-reference.com/players/F/ForeDO00.htm
Devonta Freeman,F,https://www.pro-football-reference.com/players/F/FreeDe00.htm
Rhamondre Stevenson,S,https://www.pro-football-reference.com/players/S/StevRh00.htm
Tony Pollard,P,https://www.pro-football-reference.com/players/P/PollTo00.htm
Rex Burkhead,B,https://www.pro-football-reference.com/players/B/BurkRe00.htm
Clyde Edwards-Helaire,E,https://www.pro-football-reference.com/players/E/EdwaCl00.htm
Latavius Murray,M,https://www.pro-football-reference.com/players/M/MurrLa00.htm
Rashaad Penny,P,https://www.pro-football-reference.com/players/P/PennRa00.htm
Chase Edmonds,E,https://www.pro-football-reference.com/players/E/EdmoCh00.htm
Alex Collins,C,https://www.pro-football-reference.com/players/C/CollAl00.htm
Khalil Herbert,H,https://www.pro-football-reference.com/players/H/HerbKh00.htm
Ronald Jones II,J,https://www.pro-football-reference.com/players/J/JoneRo01.htm
D'Ernest Johnson,J,https://www.pro-football-reference.com/players/J/JohnDE04.htm
Christian McCaffrey,M,https://www.pro-football-reference.com/players/M/McCaCh01.htm
Zack Moss,M,https://www.pro-football-reference.com/players/M/MossZa00.htm
Phillip Lindsay,L,https://www.pro-football-reference.com/players/L/LindPh00.htm
Phillip Lindsay,L,https://www.pro-football-reference.com/players/L/LindPh00.htm
Phillip Lindsay,L,https://www.pro-football-reference.com/players/L/LindPh00.htm
Boston Scott,S,https://www.pro-football-reference.com/players/S/ScotBo02.htm
Jordan Howard,H,https://www.pro-football-reference.com/players/H/HowaJo00.htm
Tevin Coleman,C,https://www.pro-football-reference.com/players/C/ColeTe01.htm
Jeff Wilson,W,https://www.pro-football-reference.com/players/W/WilsJe01.htm
Kareem Hunt,H,https://www.pro-football-reference.com/players/H/HuntKa00.htm
Carlos Hyde,H,https://www.pro-football-reference.com/players/H/HydeCa00.htm
Duke Johnson,J,https://www.pro-football-reference.com/players/J/JohnDu00.htm
Kenneth Gainwell,G,https://www.pro-football-reference.com/players/G/GainKe00.htm
Justin Jackson,J,https://www.pro-football-reference.com/players/J/JackJu01.htm
Jaret Patterson,P,https://www.pro-football-reference.com/players/P/PattJa01.htm
David Johnson,J,https://www.pro-football-reference.com/players/J/JohnDa08.htm
Kenyan Drake,D,https://www.pro-football-reference.com/players/D/DrakKe00.htm
Ty Johnson,J,https://www.pro-football-reference.com/players/J/JohnTy02.htm
Dontrell Hilliard,H,https://www.pro-football-reference.com/players/H/HillDo00.htm
Nyheim Hines,H,https://www.pro-football-reference.com/players/H/HineNy00.htm
Royce Freeman,F,https://www.pro-football-reference.com/players/F/FreeRo00.htm
Royce Freeman,F,https://www.pro-football-reference.com/players/F/FreeRo00.htm
Royce Freeman,F,https://www.pro-football-reference.com/players/F/FreeRo00.htm
Peyton Barber,B,https://www.pro-football-reference.com/players/B/BarbPe01.htm
Samaje Perine,P,https://www.pro-football-reference.com/players/P/PeriSa00.htm
Craig Reynolds,R,https://www.pro-football-reference.com/players/R/ReynCr00.htm
Salvon Ahmed,A,https://www.pro-football-reference.com/players/A/AhmeSa01.htm
Chris Carson,C,https://www.pro-football-reference.com/players/C/CarsCh00.htm
Tony Jones,J,https://www.pro-football-reference.com/players/J/JoneTo04.htm
Derrick Gore,G,https://www.pro-football-reference.com/players/G/GoreDe00.htm
Ameer Abdullah,A,https://www.pro-football-reference.com/players/A/AbduAm00.htm
Ameer Abdullah,A,https://www.pro-football-reference.com/players/A/AbduAm00.htm
Ameer Abdullah,A,https://www.pro-football-reference.com/players/A/AbduAm00.htm
J.D. McKissic,M,https://www.pro-football-reference.com/players/M/McKiJ.00.htm
Brandon Bolden,B,https://www.pro-football-reference.com/players/B/BoldBr00.htm
Dare Ogunbowale,O,https://www.pro-football-reference.com/players/O/OgunDa00.htm
Jeremy McNichols,M,https://www.pro-football-reference.com/players/M/McNiJe00.htm
Trey Sermon,S,https://www.pro-football-reference.com/players/S/SermTr00.htm
Damien Williams,W,https://www.pro-football-reference.com/players/W/WillDa05.htm
Le'Veon Bell,B,https://www.pro-football-reference.com/players/B/BellLe00.htm
Le'Veon Bell,B,https://www.pro-football-reference.com/players/B/BellLe00.htm
Le'Veon Bell,B,https://www.pro-football-reference.com/players/B/BellLe00.htm
Adrian Peterson,P,https://www.pro-football-reference.com/players/P/PeteAd01.htm
Adrian Peterson,P,https://www.pro-football-reference.com/players/P/PeteAd01.htm
Adrian Peterson,P,https://www.pro-football-reference.com/players/P/PeteAd01.htm
Larry Rountree,R,https://www.pro-football-reference.com/players/R/RounLa00.htm
Benny Snell Jr.,S,https://www.pro-football-reference.com/players/S/SnelBe00.htm
Ke'Shawn Vaughn,V,https://www.pro-football-reference.com/players/V/VaugKe00.htm
Ty'Son Williams,W,https://www.pro-football-reference.com/players/W/WillTy01.htm
Eno Benjamin,B,https://www.pro-football-reference.com/players/B/BenjEn00.htm
Malcolm Brown,B,https://www.pro-football-reference.com/players/B/BrowMa03.htm
Corey Clement,C,https://www.pro-football-reference.com/players/C/ClemCo00.htm
DeeJay Dallas,D,https://www.pro-football-reference.com/players/D/DallDe00.htm
Joshua Kelley,K,https://www.pro-football-reference.com/players/K/KellJo01.htm
Wayne Gallman,G,https://www.pro-football-reference.com/players/G/GallWa00.htm
Marlon Mack,M,https://www.pro-football-reference.com/players/M/MackMa00.htm
Matt Breida,B,https://www.pro-football-reference.com/players/B/BreiMa00.htm
Austin Walter,W,https://www.pro-football-reference.com/players/W/WaltAu00.htm
Elijhaa Penny,P,https://www.pro-football-reference.com/players/P/PennEl00.htm
Patrick Taylor,T,https://www.pro-football-reference.com/players/T/TaylPa01.htm
Travis Homer,H,https://www.pro-football-reference.com/players/H/HomeTr00.htm
Qadree Ollison,O,https://www.pro-football-reference.com/players/O/OlliQa00.htm
J.J. Taylor,T,https://www.pro-football-reference.com/players/T/TaylJJ01.htm
Godwin Igwebuike,I,https://www.pro-football-reference.com/players/I/IgweGo00.htm
Chris Evans,E,https://www.pro-football-reference.com/players/E/EvanCh02.htm
Jonathan Williams,W,https://www.pro-football-reference.com/players/W/WillJo07.htm
Jamycal Hasty,H,https://www.pro-football-reference.com/players/H/HastJa02.htm
Ryquell Armstead,A,https://www.pro-football-reference.com/players/A/ArmsRy00.htm
Jermar Jefferson,J,https://www.pro-football-reference.com/players/J/JeffJe00.htm
Trayveon Williams,W,https://www.pro-football-reference.com/players/W/WillTr06.htm
Jason Huntley,H,https://www.pro-football-reference.com/players/H/HuntJa01.htm
Deon Jackson,J,https://www.pro-football-reference.com/players/J/JackDe02.htm
Kene Nwangwu,N,https://www.pro-football-reference.com/players/N/NwanKe00.htm
Kalen Ballage,B,https://www.pro-football-reference.com/players/B/BallKa00.htm
Jerick McKinnon,M,https://www.pro-football-reference.com/players/M/McKiJe00.htm
Kylin Hill,H,https://www.pro-football-reference.com/players/H/HillKy00.htm
James White,W,https://www.pro-football-reference.com/players/W/WhitJa02.htm
Jalen Richard,R,https://www.pro-football-reference.com/players/R/RichJa01.htm
Keith Smith,S,https://www.pro-football-reference.com/players/S/SmitKe03.htm
Jonathan Ward,W,https://www.pro-football-reference.com/players/W/WardJo00.htm
Giovani Bernard,B,https://www.pro-football-reference.com/players/B/BernGi00.htm
Michael Burton,B,https://www.pro-football-reference.com/players/B/BurtMi00.htm
Kyle Juszczyk,J,https://www.pro-football-reference.com/players/J/JuszKy00.htm
La'Mical Perine,P,https://www.pro-football-reference.com/players/P/PeriLa00.htm
C.J. Ham,H,https://www.pro-football-reference.com/players/H/HamxC.00.htm
Scottie Phillips,P,https://www.pro-football-reference.com/players/P/PhilSc01.htm
Cam Akers,A,https://www.pro-football-reference.com/players/A/AkerCa00.htm
Alex Armah,A,https://www.pro-football-reference.com/players/A/ArmaAl00.htm
Buddy Howell,H,https://www.pro-football-reference.com/players/H/HoweGr00.htm
Jaylen Samuels,S,https://www.pro-football-reference.com/players/S/SamuJa00.htm
Wendell Smallwood,S,https://www.pro-football-reference.com/players/S/SmalWe00.htm
Mekhi Sargent,S,https://www.pro-football-reference.com/players/S/SargMe00.htm
Mekhi Sargent,S,https://www.pro-football-reference.com/players/S/SargMe00.htm
Mekhi Sargent,S,https://www.pro-football-reference.com/players/S/SargMe00.htm
Mekhi Sargent,S,https://www.pro-football-reference.com/players/S/SargMe00.htm
Kenjon Barner,B,https://www.pro-football-reference.com/players/B/BarnKe00.htm
Mike Boone,B,https://www.pro-football-reference.com/players/B/BoonMi00.htm
JaQuan Hardy,H,https://www.pro-football-reference.com/players/H/HardJa01.htm
Dwayne Washington,W,https://www.pro-football-reference.com/players/W/WashDw00.htm
Khari Blasingame,B,https://www.pro-football-reference.com/players/B/BlasKh00.htm
Damarea Crockett,C,https://www.pro-football-reference.com/players/C/CrocDa01.htm
Reggie Gilliam,G,https://www.pro-football-reference.com/players/G/GillRe00.htm
Anthony McFarland Jr.,M,https://www.pro-football-reference.com/players/M/McFaAn00.htm
Gabe Nabers,N,https://www.pro-football-reference.com/players/N/NabeGa00.htm
Adam Prentice,P,https://www.pro-football-reference.com/players/P/PrenAd00.htm
Johnny Stanton,S,https://www.pro-football-reference.com/players/S/StanJo02.htm
Trenton Cannon,C,https://www.pro-football-reference.com/players/C/CannTr00.htm
Trenton Cannon,C,https://www.pro-football-reference.com/players/C/CannTr00.htm
Trenton Cannon,C,https://www.pro-football-reference.com/players/C/CannTr00.htm
Darrynton Evans,E,https://www.pro-football-reference.com/players/E/EvanDa02.htm
Jake Funk,F,https://www.pro-football-reference.com/players/F/FunkJa00.htm
Alec Ingold,I,https://www.pro-football-reference.com/players/I/IngoAl01.htm
Andy Janovich,J,https://www.pro-football-reference.com/players/J/JanoAn00.htm
John Kelly,K,https://www.pro-football-reference.com/players/K/KellJo00.htm
Raheem Mostert,M,https://www.pro-football-reference.com/players/M/MostRa00.htm
Jacques Patrick,P,https://www.pro-football-reference.com/players/P/PatrJa01.htm
Patrick Ricard,R,https://www.pro-football-reference.com/players/R/RicaPa00.htm
Reggie Bonnafon,B,https://www.pro-football-reference.com/players/B/BonnRe00.htm
Gary Brightwell,B,https://www.pro-football-reference.com/players/B/BrigGa00.htm
Nathan Cottrell,C,https://www.pro-football-reference.com/players/C/CottNa00.htm
Patrick Laird,L,https://www.pro-football-reference.com/players/L/LairPa00.htm
Nate McCrary,M,https://www.pro-football-reference.com/players/M/McCrNa00.htm
Ryan Nall,N,https://www.pro-football-reference.com/players/N/NallRy00.htm
Devine Ozigbo,O,https://www.pro-football-reference.com/players/O/OzigDe01.htm
Trey Ragas,R,https://www.pro-football-reference.com/players/R/RagaTr00.htm
Ito Smith,S,https://www.pro-football-reference.com/players/S/SmitIt00.htm
Derek Watt,W,https://www.pro-football-reference.com/players/W/WattDe00.htm
Nick Bawden,B,https://www.pro-football-reference.com/players/B/BawdNi00.htm
Darius Bradwell,B,https://www.pro-football-reference.com/players/B/BradDa00.htm
Anthony Firkser,F,https://www.pro-football-reference.com/players/F/FirkAn00.htm
Chris Herndon,H,https://www.pro-football-reference.com/players/H/HernCh00.htm
Jakob Johnson,J,https://www.pro-football-reference.com/players/J/JohnJa12.htm
Giovanni Ricci,R,https://www.pro-football-reference.com/players/R/RiccGi00.htm
Rodney Smith,S,https://www.pro-football-reference.com/players/S/SmitRo08.htm
