player,player_id,pfr_url
Jonathan Taylor,TaylJo02,https://www.pro-football-reference.com/players/T/TaylJo02.htm
Najee Harris,HarrNa00,https://www.pro-football-reference.com/players/H/HarrNa00.htm
Joe Mixon,MixoJo00,https://www.pro-football-reference.com/players/M/MixoJo00.htm
Antonio Gibson,GibsAn00,https://www.pro-football-reference.com/players/G/GibsAn00.htm
Dalvin Cook,CookDa01,https://www.pro-football-reference.com/players/C/CookDa01.htm
Alvin Kamara,KamaAl00,https://www.pro-football-reference.com/players/K/KamaAl00.htm
Ezekiel Elliott,ElliEz00,https://www.pro-football-reference.com/players/E/ElliEz00.htm
Nick Chubb,ChubNi00,https://www.pro-football-reference.com/players/C/ChubNi00.htm
David Montgomery,MontDa01,https://www.pro-football-reference.com/players/M/MontDa01.htm
Derrick Henry,HenrDe00,https://www.pro-football-reference.com/players/H/HenrDe00.htm
Josh Jacobs,JacoJo01,https://www.pro-football-reference.com/players/J/JacoJo01.htm
Sony Michel,MichSo00,https://www.pro-football-reference.com/players/M/MichSo00.htm
Elijah Mitchell,MitcEl00,https://www.pro-football-reference.com/players/M/MitcEl00.htm
Austin Ekeler,EkelAu00,https://www.pro-football-reference.com/players/E/EkelAu00.htm
Melvin Gordon,GordMe00,https://www.pro-football-reference.com/players/G/GordMe00.htm
Javonte Williams,WillJa10,https://www.pro-football-reference.com/players/W/WillJa10.htm
James Conner,ConnJa00,https://www.pro-football-reference.com/players/C/ConnJa00.htm
Damien Harris,HarrDa06,https://www.pro-football-reference.com/players/H/HarrDa06.htm
Devin Singletary,SingDe00,https://www.pro-football-reference.com/players/S/SingDe00.htm
AJ Dillon,DillAJ00,https://www.pro-football-reference.com/players/D/DillAJ00.htm
Leonard Fournette,FourLe00,https://www.pro-football-reference.com/players/F/FourLe00.htm
Myles Gaskin,GaskMy00,https://www.pro-football-reference.com/players/G/GaskMy00.htm
Chuba Hubbard,HubbCh01,https://www.pro-football-reference.com/players/H/HubbCh01.htm
Aaron Jones,JoneAa00,https://www.pro-football-reference.com/players/J/JoneAa00.htm
James Robinson,RobiJa00,https://www.pro-football-reference.com/players/R/RobiJa00.htm
Saquon Barkley,BarkSa00,https://www.pro-football-reference.com/players/B/BarkSa00.htm
Mark Ingram,IngrMa01,https://www.pro-football-reference.com/players/I/IngrMa01.htm
Mark Ingram,IngrMa01,https://www.pro-football-reference.com/players/I/IngrMa01.htm
Mark Ingram,IngrMa01,https://www.pro-football-reference.com/players/I/IngrMa01.htm
Cordarrelle Patterson,PattCo00,https://www.pro-football-reference.com/players/P/PattCo00.htm
Jamaal Williams,WillJa06,https://www.pro-football-reference.com/players/W/WillJa06.htm
D'Andre Swift,SwifDA00,https://www.pro-football-reference.com/players/S/SwifDA00.htm
Darrell Henderson,HendDa00,https://www.pro-football-reference.com/players/H/HendDa00.htm
Michael Carter,CartMi03,https://www.pro-football-reference.com/players/C/CartMi03.htm
Devontae Booker,BookDe00,https://www.pro-football-reference.com/players/B/BookDe00.htm
Darrel Williams,WillDa10,https://www.pro-football-reference.com/players/W/WillDa10.htm
Mike Davis,DaviMi01,https://www.pro-football-reference.com/players/D/DaviMi01.htm
Miles Sanders,SandMi01,https://www.pro-football-reference.com/players/S/SandMi01.htm
Alexander Mattison,MattAl01,https://www.pro-football-reference.com/players/M/MattAl01.htm
D'Onta Foreman,ForeDO00,https://www.pro-football-reference.com/players/F/ForeDO00.htm
Devonta Freeman,FreeDe00,https://www.pro-football-reference.com/players/F/FreeDe00.htm
Rhamondre Stevenson,StevRh00,https://www.pro-football-reference.com/players/S/StevRh00.htm
Tony Pollard,PollTo00,https://www.pro-football-reference.com/players/P/PollTo00.htm
Rex Burkhead,BurkRe00,https://www.pro-football-reference.com/players/B/BurkRe00.htm
Clyde Edwards-Helaire,EdwaCl00,https://www.pro-football-reference.com/players/E/EdwaCl00.htm
Latavius Murray,MurrLa00,https://www.pro-football-reference.com/players/M/MurrLa00.htm
Rashaad Penny,PennRa00,https://www.pro-football-reference.com/players/P/PennRa00.htm
Chase Edmonds,EdmoCh00,https://www.pro-football-reference.com/players/E/EdmoCh00.htm
Alex Collins,CollAl00,https://www.pro-football-reference.com/players/C/CollAl00.htm
Khalil Herbert,HerbKh00,https://www.pro-football-reference.com/players/H/HerbKh00.htm
Ronald Jones II,JoneRo01,https://www.pro-football-reference.com/players/J/JoneRo01.htm
D'Ernest Johnson,JohnDE04,https://www.pro-football-reference.com/players/J/JohnDE04.htm
Christian McCaffrey,McCaCh01,https://www.pro-football-reference.com/players/M/McCaCh01.htm
Zack Moss,MossZa00,https://www.pro-football-reference.com/players/M/MossZa00.htm
Phillip Lindsay,LindPh00,https://www.pro-football-reference.com/players/L/LindPh00.htm
Phillip Lindsay,LindPh00,https://www.pro-football-reference.com/players/L/LindPh00.htm
Phillip Lindsay,LindPh00,https://www.pro-football-reference.com/players/L/LindPh00.htm
Boston Scott,ScotBo02,https://www.pro-football-reference.com/players/S/ScotBo02.htm
Jordan Howard,HowaJo00,https://www.pro-football-reference.com/players/H/HowaJo00.htm
Tevin Coleman,ColeTe01,https://www.pro-football-reference.com/players/C/ColeTe01.htm
Jeff Wilson,WilsJe01,https://www.pro-football-reference.com/players/W/WilsJe01.htm
Kareem Hunt,HuntKa00,https://www.pro-football-reference.com/players/H/HuntKa00.htm
Carlos Hyde,HydeCa00,https://www.pro-football-reference.com/players/H/HydeCa00.htm
Duke Johnson,JohnDu00,https://www.pro-football-reference.com/players/J/JohnDu00.htm
Kenneth Gainwell,GainKe00,https://www.pro-football-reference.com/players/G/GainKe00.htm
Justin Jackson,JackJu01,https://www.pro-football-reference.com/players/J/JackJu01.htm
Jaret Patterson,PattJa01,https://www.pro-football-reference.com/players/P/PattJa01.htm
David Johnson,JohnDa08,https://www.pro-football-reference.com/players/J/JohnDa08.htm
Kenyan Drake,DrakKe00,https://www.pro-football-reference.com/players/D/DrakKe00.htm
Ty Johnson,JohnTy02,https://www.pro-football-reference.com/players/J/JohnTy02.htm
Dontrell Hilliard,HillDo00,https://www.pro-football-reference.com/players/H/HillDo00.htm
Nyheim Hines,HineNy00,https://www.pro-football-reference.com/players/H/HineNy00.htm
Royce Freeman,FreeRo00,https://www.pro-football-reference.com/players/F/FreeRo00.htm
Royce Freeman,FreeRo00,https://www.pro-football-reference.com/players/F/FreeRo00.htm
Royce Freeman,FreeRo00,https://www.pro-football-reference.com/players/F/FreeRo00.htm
Peyton Barber,BarbPe01,https://www.pro-football-reference.com/players/B/BarbPe01.htm
Samaje Perine,PeriSa00,https://www.pro-football-reference.com/players/P/PeriSa00.htm
Craig Reynolds,ReynCr00,https://www.pro-football-reference.com/players/R/ReynCr00.htm
Salvon Ahmed,AhmeSa01,https://www.pro-football-reference.com/players/A/AhmeSa01.htm
Chris Carson,CarsCh00,https://www.pro-football-reference.com/players/C/CarsCh00.htm
Tony Jones,JoneTo04,https://www.pro-football-reference.com/players/J/JoneTo04.htm
Derrick Gore,GoreDe00,https://www.pro-football-reference.com/players/G/GoreDe00.htm
Ameer Abdullah,AbduAm00,https://www.pro-football-reference.com/players/A/AbduAm00.htm
Ameer Abdullah,AbduAm00,https://www.pro-football-reference.com/players/A/AbduAm00.htm
Ameer Abdullah,AbduAm00,https://www.pro-football-reference.com/players/A/AbduAm00.htm
J.D. McKissic,,https://www.pro-football-reference.com/players/M/McKiJ.00.htm
Brandon Bolden,BoldBr00,https://www.pro-football-reference.com/players/B/BoldBr00.htm
Dare Ogunbowale,OgunDa00,https://www.pro-football-reference.com/players/O/OgunDa00.htm
Jeremy McNichols,McNiJe00,https://www.pro-football-reference.com/players/M/McNiJe00.htm
Trey Sermon,SermTr00,https://www.pro-football-reference.com/players/S/SermTr00.htm
Damien Williams,WillDa05,https://www.pro-football-reference.com/players/W/WillDa05.htm
Le'Veon Bell,BellLe00,https://www.pro-football-reference.com/players/B/BellLe00.htm
Le'Veon Bell,BellLe00,https://www.pro-football-reference.com/players/B/BellLe00.htm
Le'Veon Bell,BellLe00,https://www.pro-football-reference.com/players/B/BellLe00.htm
Adrian Peterson,PeteAd01,https://www.pro-football-reference.com/players/P/PeteAd01.htm
Adrian Peterson,PeteAd01,https://www.pro-football-reference.com/players/P/PeteAd01.htm
Adrian Peterson,PeteAd01,https://www.pro-football-reference.com/players/P/PeteAd01.htm
Larry Rountree,RounLa00,https://www.pro-football-reference.com/players/R/RounLa00.htm
Benny Snell Jr.,SnelBe00,https://www.pro-football-reference.com/players/S/SnelBe00.htm
Ke'Shawn Vaughn,VaugKe00,https://www.pro-football-reference.com/players/V/VaugKe00.htm
Ty'Son Williams,WillTy01,https://www.pro-football-reference.com/players/W/WillTy01.htm
Eno Benjamin,BenjEn00,https://www.pro-football-reference.com/players/B/BenjEn00.htm
Malcolm Brown,BrowMa03,https://www.pro-football-reference.com/players/B/BrowMa03.htm
Corey Clement,ClemCo00,https://www.pro-football-reference.com/players/C/ClemCo00.htm
DeeJay Dallas,DallDe00,https://www.pro-football-reference.com/players/D/DallDe00.htm
Joshua Kelley,KellJo01,https://www.pro-football-reference.com/players/K/KellJo01.htm
Wayne Gallman,GallWa00,https://www.pro-football-reference.com/players/G/GallWa00.htm
Marlon Mack,MackMa00,https://www.pro-football-reference.com/players/M/MackMa00.htm
Matt Breida,BreiMa00,https://www.pro-football-reference.com/players/B/BreiMa00.htm
Austin Walter,WaltAu00,https://www.pro-football-reference.com/players/W/WaltAu00.htm
Elijhaa Penny,PennEl00,https://www.pro-football-reference.com/players/P/PennEl00.htm
Patrick Taylor,TaylPa01,https://www.pro-football-reference.com/players/T/TaylPa01.htm
Travis Homer,HomeTr00,https://www.pro-football-reference.com/players/H/HomeTr00.htm
Qadree Ollison,OlliQa00,https://www.pro-football-reference.com/players/O/OlliQa00.htm
J.J. Taylor,TaylJJ01,https://www.pro-football-reference.com/players/T/TaylJJ01.htm
Godwin Igwebuike,IgweGo00,https://www.pro-football-reference.com/players/I/IgweGo00.htm
Chris Evans,EvanCh02,https://www.pro-football-reference.com/players/E/EvanCh02.htm
Jonathan Williams,WillJo07,https://www.pro-football-reference.com/players/W/WillJo07.htm
Jamycal Hasty,HastJa02,https://www.pro-football-reference.com/players/H/HastJa02.htm
Ryquell Armstead,ArmsRy00,https://www.pro-football-reference.com/players/A/ArmsRy00.htm
Jermar Jefferson,JeffJe00,https://www.pro-football-reference.com/players/J/JeffJe00.htm
Trayveon Williams,WillTr06,https://www.pro-football-reference.com/players/W/WillTr06.htm
Jason Huntley,HuntJa01,https://www.pro-football-reference.com/players/H/HuntJa01.htm
Deon Jackson,JackDe02,https://www.pro-football-reference.com/players/J/JackDe02.htm
Kene Nwangwu,NwanKe00,https://www.pro-football-reference.com/players/N/NwanKe00.htm
Kalen Ballage,BallKa00,https://www.pro-football-reference.com/players/B/BallKa00.htm
Jerick McKinnon,McKiJe00,https://www.pro-football-reference.com/players/M/McKiJe00.htm
Kylin Hill,HillKy00,https://www.pro-football-reference.com/players/H/HillKy00.htm
James White,WhitJa02,https://www.pro-football-reference.com/players/W/WhitJa02.htm
Jalen Richard,RichJa01,https://www.pro-football-reference.com/players/R/RichJa01.htm
Keith Smith,SmitKe03,https://www.pro-football-reference.com/players/S/SmitKe03.htm
Jonathan Ward,WardJo00,https://www.pro-football-reference.com/players/W/WardJo00.htm
Giovani Bernard,BernGi00,https://www.pro-football-reference.com/players/B/BernGi00.htm
Michael Burton,BurtMi00,https://www.pro-football-reference.com/players/B/BurtMi00.htm
Kyle Juszczyk,JuszKy00,https://www.pro-football-reference.com/players/J/JuszKy00.htm
La'Mical Perine,PeriLa00,https://www.pro-football-reference.com/players/P/PeriLa00.htm
C.J. Ham,,https://www.pro-football-reference.com/players/H/HamxC.00.htm
Scottie Phillips,PhilSc01,https://www.pro-football-reference.com/players/P/PhilSc01.htm
Cam Akers,AkerCa00,https://www.pro-football-reference.com/players/A/AkerCa00.htm
Alex Armah,ArmaAl00,https://www.pro-football-reference.com/players/A/ArmaAl00.htm
Buddy Howell,HoweGr00,https://www.pro-football-reference.com/players/H/HoweGr00.htm
Jaylen Samuels,SamuJa00,https://www.pro-football-reference.com/players/S/SamuJa00.htm
Wendell Smallwood,SmalWe00,https://www.pro-football-reference.com/players/S/SmalWe00.htm
Mekhi Sargent,SargMe00,https://www.pro-football-reference.com/players/S/SargMe00.htm
Mekhi Sargent,SargMe00,https://www.pro-football-reference.com/players/S/SargMe00.htm
Mekhi Sargent,SargMe00,https://www.pro-football-reference.com/players/S/SargMe00.htm
Mekhi Sargent,SargMe00,https://www.pro-football-reference.com/players/S/SargMe00.htm
Kenjon Barner,BarnKe00,https://www.pro-football-reference.com/players/B/BarnKe00.htm
Mike Boone,BoonMi00,https://www.pro-football-reference.com/players/B/BoonMi00.htm
JaQuan Hardy,HardJa01,https://www.pro-football-reference.com/players/H/HardJa01.htm
Dwayne Washington,WashDw00,https://www.pro-football-reference.com/players/W/WashDw00.htm
Khari Blasingame,BlasKh00,https://www.pro-football-reference.com/players/B/BlasKh00.htm
Damarea Crockett,CrocDa01,https://www.pro-football-reference.com/players/C/CrocDa01.htm
Reggie Gilliam,GillRe00,https://www.pro-football-reference.com/players/G/GillRe00.htm
Anthony McFarland Jr.,McFaAn00,https://www.pro-football-reference.com/players/M/McFaAn00.htm
Gabe Nabers,NabeGa00,https://www.pro-football-reference.com/players/N/NabeGa00.htm
Adam Prentice,PrenAd00,https://www.pro-football-reference.com/players/P/PrenAd00.htm
Johnny Stanton,StanJo02,https://www.pro-football-reference.com/players/S/StanJo02.htm
Trenton Cannon,CannTr00,https://www.pro-football-reference.com/players/C/CannTr00.htm
Trenton Cannon,CannTr00,https://www.pro-football-reference.com/players/C/CannTr00.htm
Trenton Cannon,CannTr00,https://www.pro-football-reference.com/players/C/CannTr00.htm
Darrynton Evans,EvanDa02,https://www.pro-football-reference.com/players/E/EvanDa02.htm
Jake Funk,FunkJa00,https://www.pro-football-reference.com/players/F/FunkJa00.htm
Alec Ingold,IngoAl01,https://www.pro-football-reference.com/players/I/IngoAl01.htm
Andy Janovich,JanoAn00,https://www.pro-football-reference.com/players/J/JanoAn00.htm
John Kelly,KellJo00,https://www.pro-football-reference.com/players/K/KellJo00.htm
Raheem Mostert,MostRa00,https://www.pro-football-reference.com/players/M/MostRa00.htm
Jacques Patrick,PatrJa01,https://www.pro-football-reference.com/players/P/PatrJa01.htm
Patrick Ricard,RicaPa00,https://www.pro-football-reference.com/players/R/RicaPa00.htm
Reggie Bonnafon,BonnRe00,https://www.pro-football-reference.com/players/B/BonnRe00.htm
Gary Brightwell,BrigGa00,https://www.pro-football-reference.com/players/B/BrigGa00.htm
Nathan Cottrell,CottNa00,https://www.pro-football-reference.com/players/C/CottNa00.htm
Patrick Laird,LairPa00,https://www.pro-football-reference.com/players/L/LairPa00.htm
Nate McCrary,McCrNa00,https://www.pro-football-reference.com/players/M/McCrNa00.htm
Ryan Nall,NallRy00,https://www.pro-football-reference.com/players/N/NallRy00.htm
Devine Ozigbo,OzigDe01,https://www.pro-football-reference.com/players/O/OzigDe01.htm
Trey Ragas,RagaTr00,https://www.pro-football-reference.com/players/R/RagaTr00.htm
Ito Smith,SmitIt00,https://www.pro-football-reference.com/players/S/SmitIt00.htm
Derek Watt,WattDe00,https://www.pro-football-reference.com/players/W/WattDe00.htm
Nick Bawden,BawdNi00,https://www.pro-football-reference.com/players/B/BawdNi00.htm
Darius Bradwell,BradDa00,https://www.pro-football-reference.com/players/B/BradDa00.htm
Anthony Firkser,FirkAn00,https://www.pro-football-reference.com/players/F/FirkAn00.htm
Chris Herndon,HernCh00,https://www.pro-football-reference.com/players/H/HernCh00.htm
Jakob Johnson,JohnJa12,https://www.pro-football-reference.com/players/J/JohnJa12.htm
Giovanni Ricci,RiccGi00,https://www.pro-football-reference.com/players/R/RiccGi00.htm
Rodney Smith,SmitRo08,https://www.pro-football-reference.com/players/S/SmitRo08.htm
